{
	"name": "azure_sql_table_to_adls",
	"properties": {
		"activities": [
			{
				"name": "Copy data1",
				"type": "Copy",
				"dependsOn": [],
				"policy": {
					"timeout": "0.12:00:00",
					"retry": 0,
					"retryIntervalInSeconds": 30,
					"secureOutput": false,
					"secureInput": false
				},
				"userProperties": [],
				"typeProperties": {
					"source": {
						"type": "AzureSqlSource",
						"sqlReaderQuery": {
							"value": "@concat('Select * from ', pipeline().parameters.schemaName, '.', pipeline().parameters.tableName)",
							"type": "Expression"
						},
						"queryTimeout": "02:00:00",
						"partitionOption": "None"
					},
					"sink": {
						"type": "ParquetSink",
						"storeSettings": {
							"type": "AzureBlobStorageWriteSettings"
						},
						"formatSettings": {
							"type": "ParquetWriteSettings"
						}
					},
					"enableStaging": false,
					"translator": {
						"type": "TabularTranslator",
						"typeConversion": true,
						"typeConversionSettings": {
							"allowDataTruncation": true,
							"treatBooleanAsNumber": false
						}
					}
				},
				"inputs": [
					{
						"referenceName": "devmasterdb_dataset",
						"type": "DatasetReference",
						"parameters": {
							"schemaName": "dbo",
							"tableName": "datasetv01  "
						}
					}
				],
				"outputs": [
					{
						"referenceName": "sql_db_sink_blob",
						"type": "DatasetReference",
						"parameters": {
							"tableName": {
								"value": "@pipeline().parameters.tableName",
								"type": "Expression"
							}
						}
					}
				]
			},
			{
				"name": "move_to_warehouse",
				"type": "DatabricksNotebook",
				"dependsOn": [
					{
						"activity": "Copy data1",
						"dependencyConditions": [
							"Succeeded"
						]
					}
				],
				"policy": {
					"timeout": "0.12:00:00",
					"retry": 0,
					"retryIntervalInSeconds": 30,
					"secureOutput": false,
					"secureInput": false
				},
				"userProperties": [],
				"typeProperties": {
					"notebookPath": "/Workspace_Code/datasetv01"
				},
				"linkedServiceName": {
					"referenceName": "databricks_ls",
					"type": "LinkedServiceReference"
				}
			}
		],
		"parameters": {
			"tableName": {
				"type": "string",
				"defaultValue": "datasetv01  "
			},
			"schemaName": {
				"type": "string",
				"defaultValue": "dbo"
			}
		},
		"annotations": [],
		"lastPublishTime": "2025-01-16T14:26:43Z"
	},
	"type": "Microsoft.DataFactory/factories/pipelines"
}