{
	"name": "pipeline_scheduled_backup",
	"properties": {
		"activities": [
			{
				"name": "backup",
				"type": "DatabricksNotebook",
				"dependsOn": [],
				"policy": {
					"timeout": "0.12:00:00",
					"retry": 0,
					"retryIntervalInSeconds": 30,
					"secureOutput": false,
					"secureInput": false
				},
				"userProperties": [],
				"typeProperties": {
					"notebookPath": "/Workspace_Code/2 Hour Backup"
				},
				"linkedServiceName": {
					"referenceName": "databricks_ls",
					"type": "LinkedServiceReference"
				}
			}
		],
		"annotations": [],
		"lastPublishTime": "2025-01-16T14:27:54Z"
	},
	"type": "Microsoft.DataFactory/factories/pipelines"
}