{
	"name": "devmasterdb_dataset",
	"properties": {
		"linkedServiceName": {
			"referenceName": "devmasterdb_ls",
			"type": "LinkedServiceReference"
		},
		"parameters": {
			"schemaName": {
				"type": "String",
				"defaultValue": "dbo"
			},
			"tableName": {
				"type": "String",
				"defaultValue": "datasetv01  "
			}
		},
		"annotations": [],
		"type": "AzureSqlTable",
		"schema": [],
		"typeProperties": {
			"schema": {
				"value": "@dataset().schemaName",
				"type": "Expression"
			},
			"table": {
				"value": "@dataset().tableName",
				"type": "Expression"
			}
		}
	},
	"type": "Microsoft.DataFactory/factories/datasets"
}