{
	"name": "sql_db_sink_blob",
	"properties": {
		"linkedServiceName": {
			"referenceName": "storage_account_ls",
			"type": "LinkedServiceReference"
		},
		"parameters": {
			"tableName": {
				"type": "String",
				"defaultValue": "datasetv01"
			}
		},
		"annotations": [],
		"type": "Parquet",
		"typeProperties": {
			"location": {
				"type": "AzureBlobStorageLocation",
				"folderPath": {
					"value": "@dataset().tableName",
					"type": "Expression"
				},
				"container": "raw"
			},
			"compressionCodec": "snappy"
		},
		"schema": []
	},
	"type": "Microsoft.DataFactory/factories/datasets"
}